"id","book_name","sample_no","author","genre"
"1","Alice's Adventures in Wonderland","23","Lewis Caroll","Fiction"
"2","Oliver Twist","100","Charles Dickens","Non-fiction"
"3","Pride and Prejudice","2","Jane Austen","Non-fiction"
"4","The Fault in Our Stars","23","John Green","Non-fiction"
"5","Looking for Alaska","3","John Green","Non-fiction"
"6","Famous Five","2","Enid Blyton","Non-fiction"
"7","Noddy","30","Enid Blyton","Fiction"
"7","A Tale of Two Cities","100","Charles Dickens","Non-fiction"
"8","The Pickwick Papers","90","Charles Dickens","Non-fiction"
"9","Till The Last Breath","6","Durjoy Datta","Non-fiction"
"10","When Only Love Remains","100","Durjoy Datta","Non-fiction"
"11","Sita:The Warrior of Mithila","99","Amish Tripathi","Non-fiction"
"12","Ravana:The Enemy of Aryavarta","100","Amish Tripathi","Non-fiction"
"13","Turtles All The Way Down","23","John Green","Non-fiction"
"14","The Merchant of Venice","34","William Shakespeare","Shakespearen Comedy"
"15","The Unaccustomed Earth","100","Jhumpa Lahiri","Non-fiction"
"16","King Lear","45","William Shakespeare","Shakespearen Tragedy"
"17","Delhi is not Far","56","Ruskin Bond","Fiction"
"18","1984","78","George Orwell","Fiction"
"19","Mein Kampf","67","Adolf Hitler","Autobiography"
