"first_name","last_name","contact_no","email","birthday","password"
"Procheta","Bhattacharyya","9874659425","bhattacharyya.procheta1999@gmail.com","25/08/1999","proche"
"Aritra","Mandal","9432226183","aritra@gmail.com","02/08/1999","aritra"
"sonali","das","9874659425","sonali@gmail.com","5/14/21","sonali"
"satish","singh","9874659425","satish@gmail.com","5/14/21","satish"
"dhiren","mondal","9432226183","dhiren@g.com","5/14/21","dhiren"
"procheta","bhatt","9874659425","pb@gmail.com","5/14/21","proc"
"roni","bhatt","9432226183","roni@gmail.com","5/14/21","roni"
"apratim","bhattacharyya","9874659425","apra@gmail.com","5/14/21","apra"
"hello","singh","9874659425","hello@g.com","5/15/21","hello"
"shreya","das","9874659425","shreya@gmail.com","5/15/21","shreya"
